CREATE DATABASE  IF NOT EXISTS `hotel_app` /*!40100 DEFAULT CHARACTER SET utf8mb4 COLLATE utf8mb4_0900_ai_ci */ /*!80016 DEFAULT ENCRYPTION='N' */;
USE `hotel_app`;
-- MySQL dump 10.13  Distrib 8.0.32, for Linux (x86_64)
--
-- Host: localhost    Database: hotel_app
-- ------------------------------------------------------
-- Server version	8.0.33-0ubuntu0.22.04.2

/*!40101 SET @OLD_CHARACTER_SET_CLIENT=@@CHARACTER_SET_CLIENT */;
/*!40101 SET @OLD_CHARACTER_SET_RESULTS=@@CHARACTER_SET_RESULTS */;
/*!40101 SET @OLD_COLLATION_CONNECTION=@@COLLATION_CONNECTION */;
/*!50503 SET NAMES utf8 */;
/*!40103 SET @OLD_TIME_ZONE=@@TIME_ZONE */;
/*!40103 SET TIME_ZONE='+00:00' */;
/*!40014 SET @OLD_UNIQUE_CHECKS=@@UNIQUE_CHECKS, UNIQUE_CHECKS=0 */;
/*!40014 SET @OLD_FOREIGN_KEY_CHECKS=@@FOREIGN_KEY_CHECKS, FOREIGN_KEY_CHECKS=0 */;
/*!40101 SET @OLD_SQL_MODE=@@SQL_MODE, SQL_MODE='NO_AUTO_VALUE_ON_ZERO' */;
/*!40111 SET @OLD_SQL_NOTES=@@SQL_NOTES, SQL_NOTES=0 */;

--
-- Table structure for table `admin_login`
--

DROP TABLE IF EXISTS `admin_login`;
/*!40101 SET @saved_cs_client     = @@character_set_client */;
/*!50503 SET character_set_client = utf8mb4 */;
CREATE TABLE `admin_login` (
                               `user_name` varchar(25) NOT NULL,
                               `pasword` varchar(20) NOT NULL,
                               UNIQUE KEY `user_name` (`user_name`)
) ENGINE=InnoDB DEFAULT CHARSET=utf8mb4 COLLATE=utf8mb4_0900_ai_ci;
/*!40101 SET character_set_client = @saved_cs_client */;

--
-- Dumping data for table `admin_login`
--

LOCK TABLES `admin_login` WRITE;
/*!40000 ALTER TABLE `admin_login` DISABLE KEYS */;
INSERT INTO `admin_login` VALUES ('admin','admin');
/*!40000 ALTER TABLE `admin_login` ENABLE KEYS */;
UNLOCK TABLES;

--
-- Table structure for table `bookings`
--

DROP TABLE IF EXISTS `bookings`;
/*!40101 SET @saved_cs_client     = @@character_set_client */;
/*!50503 SET character_set_client = utf8mb4 */;
CREATE TABLE `bookings` (
                            `booking_id` int NOT NULL AUTO_INCREMENT,
                            `room_no` int NOT NULL,
                            `customer_id` int NOT NULL,
                            `start_date` date NOT NULL,
                            `end_date` date NOT NULL,
                            `booking_date` timestamp NULL DEFAULT CURRENT_TIMESTAMP,
                            `booking_status` varchar(20) DEFAULT 'Available',
                            `price` float NOT NULL,
                            PRIMARY KEY (`booking_id`),
                            KEY `fk_room_id` (`room_no`),
                            KEY `fk_customer_id` (`customer_id`),
                            CONSTRAINT `fk_customer_id` FOREIGN KEY (`customer_id`) REFERENCES `customers` (`customer_id`),
                            CONSTRAINT `fk_room_id` FOREIGN KEY (`room_no`) REFERENCES `rooms` (`room_no`)
) ENGINE=InnoDB AUTO_INCREMENT=3 DEFAULT CHARSET=utf8mb4 COLLATE=utf8mb4_0900_ai_ci;
/*!40101 SET character_set_client = @saved_cs_client */;

--
-- Dumping data for table `bookings`
--

LOCK TABLES `bookings` WRITE;
/*!40000 ALTER TABLE `bookings` DISABLE KEYS */;
INSERT INTO `bookings` VALUES (1,10,1,'2023-06-10','2023-06-12','2023-06-09 19:00:00','Available',5000),(2,9,1,'2023-06-12','2023-06-12','2023-06-11 19:00:00','Available',700);
/*!40000 ALTER TABLE `bookings` ENABLE KEYS */;
UNLOCK TABLES;

--
-- Table structure for table `customers`
--

DROP TABLE IF EXISTS `customers`;
/*!40101 SET @saved_cs_client     = @@character_set_client */;
/*!50503 SET character_set_client = utf8mb4 */;
CREATE TABLE `customers` (
                             `customer_id` int NOT NULL AUTO_INCREMENT,
                             `first_name` varchar(25) NOT NULL,
                             `last_name` varchar(25) NOT NULL,
                             `user_name` varchar(25) NOT NULL,
                             `pasword` varchar(20) NOT NULL,
                             `email` varchar(30) NOT NULL,
                             `phone` varchar(15) NOT NULL,
                             `address` varchar(50) NOT NULL,
                             `emergency_contact` varchar(15) DEFAULT NULL,
                             PRIMARY KEY (`customer_id`),
                             UNIQUE KEY `user_name` (`user_name`)
) ENGINE=InnoDB AUTO_INCREMENT=2 DEFAULT CHARSET=utf8mb4 COLLATE=utf8mb4_0900_ai_ci;
/*!40101 SET character_set_client = @saved_cs_client */;

--
-- Dumping data for table `customers`
--

LOCK TABLES `customers` WRITE;
/*!40000 ALTER TABLE `customers` DISABLE KEYS */;
INSERT INTO `customers` VALUES (1,'Adnan','Rafique','adnanrafique','Test123#','adnandd2547@gmail.com','03085038859','Pakpattan 123','03467760117');
/*!40000 ALTER TABLE `customers` ENABLE KEYS */;
UNLOCK TABLES;

--
-- Table structure for table `room_types`
--

DROP TABLE IF EXISTS `room_types`;
/*!40101 SET @saved_cs_client     = @@character_set_client */;
/*!50503 SET character_set_client = utf8mb4 */;
CREATE TABLE `room_types` (
                              `type_id` int NOT NULL AUTO_INCREMENT,
                              `room_type` varchar(20) NOT NULL,
                              `capacity` int NOT NULL,
                              `rent` float NOT NULL,
                              `description` varchar(100) DEFAULT NULL,
                              PRIMARY KEY (`type_id`)
) ENGINE=InnoDB AUTO_INCREMENT=13 DEFAULT CHARSET=utf8mb4 COLLATE=utf8mb4_0900_ai_ci;
/*!40101 SET character_set_client = @saved_cs_client */;

--
-- Dumping data for table `room_types`
--

LOCK TABLES `room_types` WRITE;
/*!40000 ALTER TABLE `room_types` DISABLE KEYS */;
INSERT INTO `room_types` VALUES (1,'Single',1,1000,'A single occupancy room'),(2,'Double',2,1500,'A double occupancy room'),(3,'Suite',4,2500,'A spacious suite with multiple rooms'),(4,'Family',4,2000,'A room suitable for a family'),(5,'Deluxe',2,1800,'A luxurious room with additional amenities'),(6,'Executive',2,2000,'An executive level room with premium services'),(7,'Penthouse',2,5000,'A luxurious penthouse suite'),(8,'Standard',2,900,'A standard room with basic amenities'),(9,'Economy',1,700,'An economical room with basic facilities'),(10,'Family',5,5000,'A family room with 5 persons capacity.'),(11,'Penthouse',5,7000,'A penthouse with 5 persons capacity.'),(12,'Deluxe',4,8000,'A deluxe room with 4 persons capaity.');
/*!40000 ALTER TABLE `room_types` ENABLE KEYS */;
UNLOCK TABLES;

--
-- Table structure for table `rooms`
--

DROP TABLE IF EXISTS `rooms`;
/*!40101 SET @saved_cs_client     = @@character_set_client */;
/*!50503 SET character_set_client = utf8mb4 */;
CREATE TABLE `rooms` (
                         `room_no` int NOT NULL AUTO_INCREMENT,
                         `room_status` varchar(20) NOT NULL DEFAULT 'Available',
                         `type_id` int NOT NULL,
                         PRIMARY KEY (`room_no`),
                         KEY `fk_room_type_id` (`type_id`),
                         CONSTRAINT `fk_room_type_id` FOREIGN KEY (`type_id`) REFERENCES `room_types` (`type_id`)
) ENGINE=InnoDB AUTO_INCREMENT=13 DEFAULT CHARSET=utf8mb4 COLLATE=utf8mb4_0900_ai_ci;
/*!40101 SET character_set_client = @saved_cs_client */;

--
-- Dumping data for table `rooms`
--

LOCK TABLES `rooms` WRITE;
/*!40000 ALTER TABLE `rooms` DISABLE KEYS */;
INSERT INTO `rooms` VALUES (1,'Available',1),(2,'Available',2),(3,'Available',3),(4,'Available',4),(5,'Available',5),(6,'Available',6),(7,'Available',7),(8,'Available',8),(9,'Available',9),(10,'Maintenance',10),(11,'Available',11),(12,'Available',12);
/*!40000 ALTER TABLE `rooms` ENABLE KEYS */;
UNLOCK TABLES;

--
-- Dumping events for database 'hotel_app'
--

--
-- Dumping routines for database 'hotel_app'
--
/*!50003 DROP PROCEDURE IF EXISTS `sp_admin_login` */;
/*!50003 SET @saved_cs_client      = @@character_set_client */ ;
/*!50003 SET @saved_cs_results     = @@character_set_results */ ;
/*!50003 SET @saved_col_connection = @@collation_connection */ ;
/*!50003 SET character_set_client  = utf8mb4 */ ;
/*!50003 SET character_set_results = utf8mb4 */ ;
/*!50003 SET collation_connection  = utf8mb3_general_ci */ ;
/*!50003 SET @saved_sql_mode       = @@sql_mode */ ;
/*!50003 SET sql_mode              = 'NO_AUTO_VALUE_ON_ZERO' */ ;
DELIMITER ;;
CREATE DEFINER=`root`@`localhost` PROCEDURE `sp_admin_login`(
    IN uName VARCHAR(30),
    IN uPass VARCHAR(30),
    OUT result BOOLEAN
)
BEGIN
    SELECT EXISTS
               (
                   SELECT user_name
                   FROM admin_login
                   WHERE uName = user_name AND uPass = pasword
               ) INTO result;
END ;;
DELIMITER ;
/*!50003 SET sql_mode              = @saved_sql_mode */ ;
/*!50003 SET character_set_client  = @saved_cs_client */ ;
/*!50003 SET character_set_results = @saved_cs_results */ ;
/*!50003 SET collation_connection  = @saved_col_connection */ ;
/*!50003 DROP PROCEDURE IF EXISTS `sp_customer_login` */;
/*!50003 SET @saved_cs_client      = @@character_set_client */ ;
/*!50003 SET @saved_cs_results     = @@character_set_results */ ;
/*!50003 SET @saved_col_connection = @@collation_connection */ ;
/*!50003 SET character_set_client  = utf8mb4 */ ;
/*!50003 SET character_set_results = utf8mb4 */ ;
/*!50003 SET collation_connection  = utf8mb3_general_ci */ ;
/*!50003 SET @saved_sql_mode       = @@sql_mode */ ;
/*!50003 SET sql_mode              = 'NO_AUTO_VALUE_ON_ZERO' */ ;
DELIMITER ;;
CREATE DEFINER=`root`@`localhost` PROCEDURE `sp_customer_login`(
    IN uName VARCHAR(30),
    IN uPass VARCHAR(30),
    OUT result BOOLEAN
)
BEGIN
    SELECT EXISTS
               (
                   SELECT user_name
                   FROM customers
                   WHERE uName = user_name AND uPass = pasword
               ) INTO result;
END ;;
DELIMITER ;
/*!50003 SET sql_mode              = @saved_sql_mode */ ;
/*!50003 SET character_set_client  = @saved_cs_client */ ;
/*!50003 SET character_set_results = @saved_cs_results */ ;
/*!50003 SET collation_connection  = @saved_col_connection */ ;
/*!50003 DROP PROCEDURE IF EXISTS `sp_get_booking_details` */;
/*!50003 SET @saved_cs_client      = @@character_set_client */ ;
/*!50003 SET @saved_cs_results     = @@character_set_results */ ;
/*!50003 SET @saved_col_connection = @@collation_connection */ ;
/*!50003 SET character_set_client  = utf8mb4 */ ;
/*!50003 SET character_set_results = utf8mb4 */ ;
/*!50003 SET collation_connection  = utf8mb4_0900_ai_ci */ ;
/*!50003 SET @saved_sql_mode       = @@sql_mode */ ;
/*!50003 SET sql_mode              = 'ONLY_FULL_GROUP_BY,STRICT_TRANS_TABLES,NO_ZERO_IN_DATE,NO_ZERO_DATE,ERROR_FOR_DIVISION_BY_ZERO,NO_ENGINE_SUBSTITUTION' */ ;
DELIMITER ;;
CREATE DEFINER=`root`@`localhost` PROCEDURE `sp_get_booking_details`()
BEGIN
    SELECT c.customer_id, c.first_name, c.last_name, c.phone, r.room_no, rt.room_type, b.booking_status, r.room_status, b.start_date, b.end_date, b.booking_date
    FROM bookings AS b
             JOIN customers AS c ON b.customer_id = c.customer_id
             JOIN rooms AS r ON b.room_no = r.room_no
             JOIN room_types AS rt ON r.type_id = rt.type_id;
END ;;
DELIMITER ;
/*!50003 SET sql_mode              = @saved_sql_mode */ ;
/*!50003 SET character_set_client  = @saved_cs_client */ ;
/*!50003 SET character_set_results = @saved_cs_results */ ;
/*!50003 SET collation_connection  = @saved_col_connection */ ;
/*!50003 DROP PROCEDURE IF EXISTS `sp_get_customer_username` */;
/*!50003 SET @saved_cs_client      = @@character_set_client */ ;
/*!50003 SET @saved_cs_results     = @@character_set_results */ ;
/*!50003 SET @saved_col_connection = @@collation_connection */ ;
/*!50003 SET character_set_client  = utf8mb4 */ ;
/*!50003 SET character_set_results = utf8mb4 */ ;
/*!50003 SET collation_connection  = utf8mb3_general_ci */ ;
/*!50003 SET @saved_sql_mode       = @@sql_mode */ ;
/*!50003 SET sql_mode              = 'NO_AUTO_VALUE_ON_ZERO' */ ;
DELIMITER ;;
CREATE DEFINER=`root`@`localhost` PROCEDURE `sp_get_customer_username`()
BEGIN
    SELECT user_name
    FROM customers;
END ;;
DELIMITER ;
/*!50003 SET sql_mode              = @saved_sql_mode */ ;
/*!50003 SET character_set_client  = @saved_cs_client */ ;
/*!50003 SET character_set_results = @saved_cs_results */ ;
/*!50003 SET collation_connection  = @saved_col_connection */ ;
/*!50003 DROP PROCEDURE IF EXISTS `sp_get_rooms_details` */;
/*!50003 SET @saved_cs_client      = @@character_set_client */ ;
/*!50003 SET @saved_cs_results     = @@character_set_results */ ;
/*!50003 SET @saved_col_connection = @@collation_connection */ ;
/*!50003 SET character_set_client  = utf8mb4 */ ;
/*!50003 SET character_set_results = utf8mb4 */ ;
/*!50003 SET collation_connection  = utf8mb3_general_ci */ ;
/*!50003 SET @saved_sql_mode       = @@sql_mode */ ;
/*!50003 SET sql_mode              = 'NO_AUTO_VALUE_ON_ZERO' */ ;
DELIMITER ;;
CREATE DEFINER=`root`@`localhost` PROCEDURE `sp_get_rooms_details`()
BEGIN
    SELECT R.room_no, R.room_status, RT.room_type, RT.capacity, RT.rent, RT.description
    FROM rooms AS R JOIN room_types AS RT
                         USING (type_id)
    ORDER BY room_no;
END ;;
DELIMITER ;
/*!50003 SET sql_mode              = @saved_sql_mode */ ;
/*!50003 SET character_set_client  = @saved_cs_client */ ;
/*!50003 SET character_set_results = @saved_cs_results */ ;
/*!50003 SET collation_connection  = @saved_col_connection */ ;
/*!50003 DROP PROCEDURE IF EXISTS `sp_insert_room_data` */;
/*!50003 SET @saved_cs_client      = @@character_set_client */ ;
/*!50003 SET @saved_cs_results     = @@character_set_results */ ;
/*!50003 SET @saved_col_connection = @@collation_connection */ ;
/*!50003 SET character_set_client  = utf8mb4 */ ;
/*!50003 SET character_set_results = utf8mb4 */ ;
/*!50003 SET collation_connection  = utf8mb3_general_ci */ ;
/*!50003 SET @saved_sql_mode       = @@sql_mode */ ;
/*!50003 SET sql_mode              = 'NO_AUTO_VALUE_ON_ZERO' */ ;
DELIMITER ;;
CREATE DEFINER=`root`@`localhost` PROCEDURE `sp_insert_room_data`(
    IN p_room_type VARCHAR(30),
    IN p_status VARCHAR(30),
    IN p_rent FLOAT,
    IN p_capacity INT,
    IN p_description VARCHAR(50),
    OUT p_success BOOLEAN
)
BEGIN
    DECLARE EXIT HANDLER FOR SQLEXCEPTION
        BEGIN
            SET p_success = FALSE;
        END;

    START TRANSACTION;

    -- Insert into room_types table
    INSERT INTO `room_types` (`room_type`, `capacity`, `rent`, `description`)
    VALUES (p_room_type, p_capacity, p_rent, p_description);

    -- Get the last inserted room_type value
    -- SET @last_inserted_room_type = p_room_type;
    SET @last_inserted_room_type_id = (SELECT MAX(type_id) FROM room_types);

    -- Insert into rooms table
    INSERT INTO `rooms` (`type_id`, `room_status`)
    VALUES (@last_inserted_room_type_id, p_status);

    SET p_success = TRUE;
    COMMIT;
END ;;
DELIMITER ;
/*!50003 SET sql_mode              = @saved_sql_mode */ ;
/*!50003 SET character_set_client  = @saved_cs_client */ ;
/*!50003 SET character_set_results = @saved_cs_results */ ;
/*!50003 SET collation_connection  = @saved_col_connection */ ;
/*!50003 DROP PROCEDURE IF EXISTS `sp_sign_up` */;
/*!50003 SET @saved_cs_client      = @@character_set_client */ ;
/*!50003 SET @saved_cs_results     = @@character_set_results */ ;
/*!50003 SET @saved_col_connection = @@collation_connection */ ;
/*!50003 SET character_set_client  = utf8mb4 */ ;
/*!50003 SET character_set_results = utf8mb4 */ ;
/*!50003 SET collation_connection  = utf8mb3_general_ci */ ;
/*!50003 SET @saved_sql_mode       = @@sql_mode */ ;
/*!50003 SET sql_mode              = 'NO_AUTO_VALUE_ON_ZERO' */ ;
DELIMITER ;;
CREATE DEFINER=`root`@`localhost` PROCEDURE `sp_sign_up`(
    fName VARCHAR(30),
    lName VARCHAR(30),
    uName VARCHAR(30),
    userPassword VARCHAR(30),
    userEmail VARCHAR(30),
    userAddress VARCHAR(100),
    userPhone VARCHAR(15),
    userEmergencyContact VARCHAR(15)
)
BEGIN
    INSERT INTO customers(first_name, last_name, user_name, pasword, email, address, phone, emergency_contact)
    VALUES(fName, lName, uName, userPassword, userEmail, userAddress, userPhone, userEmergencyContact);
END ;;
DELIMITER ;
/*!50003 SET sql_mode              = @saved_sql_mode */ ;
/*!50003 SET character_set_client  = @saved_cs_client */ ;
/*!50003 SET character_set_results = @saved_cs_results */ ;
/*!50003 SET collation_connection  = @saved_col_connection */ ;
/*!40103 SET TIME_ZONE=@OLD_TIME_ZONE */;

/*!40101 SET SQL_MODE=@OLD_SQL_MODE */;
/*!40014 SET FOREIGN_KEY_CHECKS=@OLD_FOREIGN_KEY_CHECKS */;
/*!40014 SET UNIQUE_CHECKS=@OLD_UNIQUE_CHECKS */;
/*!40101 SET CHARACTER_SET_CLIENT=@OLD_CHARACTER_SET_CLIENT */;
/*!40101 SET CHARACTER_SET_RESULTS=@OLD_CHARACTER_SET_RESULTS */;
/*!40101 SET COLLATION_CONNECTION=@OLD_COLLATION_CONNECTION */;
/*!40111 SET SQL_NOTES=@OLD_SQL_NOTES */;

-- Dump completed on 2023-06-14 21:31:02